Enter password: ****
Welcome to the MySQL monitor.  Commands end with ; or \g.
Your MySQL connection id is 31
Server version: 8.0.39 MySQL Community Server - GPL

Copyright (c) 2000, 2024, Oracle and/or its affiliates.

Oracle is a registered trademark of Oracle Corporation and/or its
affiliates. Other names may be trademarks of their respective
owners.

Type 'help;' or '\h' for help. Type '\c' to clear the current input statement.

mysql> create database hibernate_db;
Query OK, 1 row affected (0.01 sec)

mysql> use hibernate_db;
Database changed
mysql> show tables;
+------------------------+
| Tables_in_hibernate_db |
+------------------------+
| user                   |
+------------------------+
1 row in set (0.01 sec)

mysql> SELECT * FROM user;
+----+------+-------------------+--------+---------+----------+
| id | city | email             | gender | name    | password |
+----+------+-------------------+--------+---------+----------+
|  1 | Agra | Utkarsh@Gmail.com | Male   | Utkarsh | 1234     |
+----+------+-------------------+--------+---------+----------+
1 row in set (0.00 sec)

mysql> DESC user;
+----------+--------------+------+-----+---------+-------+
| Field    | Type         | Null | Key | Default | Extra |
+----------+--------------+------+-----+---------+-------+
| id       | int          | NO   | PRI | NULL    |       |
| city     | varchar(255) | YES  |     | NULL    |       |
| email    | varchar(255) | YES  |     | NULL    |       |
| gender   | varchar(255) | YES  |     | NULL    |       |
| name     | varchar(255) | YES  |     | NULL    |       |
| password | varchar(255) | YES  |     | NULL    |       |
+----------+--------------+------+-----+---------+-------+
6 rows in set (0.00 sec)

mysql> drop table user;
Query OK, 0 rows affected (0.02 sec)

mysql> SHOW TABLES;
Empty set (0.00 sec)

mysql> SHOW TABLES;
+------------------------+
| Tables_in_hibernate_db |
+------------------------+
| user                   |
+------------------------+
1 row in set (0.00 sec)

mysql> SELECT * FROM user;
+----+------+-------------------+--------+---------+----------+
| id | city | email             | gender | name    | password |
+----+------+-------------------+--------+---------+----------+
|  1 | Agra | Utkarsh@Gmail.com | Male   | Utkarsh | 1234     |
+----+------+-------------------+--------+---------+----------+
1 row in set (0.00 sec)

mysql> SELECT * FROM user;
+----+------------+-------------------+--------+---------+----------+
| id | city       | email             | gender | name    | password |
+----+------------+-------------------+--------+---------+----------+
|  1 | Agra       | Utkarsh@Gmail.com | Male   | Utkarsh | 1234     |
|  2 | Chandigarh | Amit@Gmail.com    | Male   | Amit    | amit1234 |
+----+------------+-------------------+--------+---------+----------+
2 rows in set (0.00 sec)

mysql> DESC user;
+----------+--------------+------+-----+---------+----------------+
| Field    | Type         | Null | Key | Default | Extra          |
+----------+--------------+------+-----+---------+----------------+
| id       | bigint       | NO   | PRI | NULL    | auto_increment |
| city     | varchar(255) | YES  |     | NULL    |                |
| email    | varchar(255) | YES  |     | NULL    |                |
| gender   | varchar(255) | YES  |     | NULL    |                |
| name     | varchar(255) | YES  |     | NULL    |                |
| password | varchar(255) | YES  |     | NULL    |                |
+----------+--------------+------+-----+---------+----------------+
6 rows in set (0.00 sec)

mysql> SELECT * FROM user;
+----+------------+-------------------+--------+---------+----------+
| id | city       | email             | gender | name    | password |
+----+------------+-------------------+--------+---------+----------+
|  1 | Agra       | Utkarsh@Gmail.com | Male   | Utkarsh | 1234     |
|  2 | Chandigarh | Amit@Gmail.com    | Male   | Amit    | amit1234 |
|  3 | banglore   | priya@Gmail.com   | female | Priya   | pr1234   |
+----+------------+-------------------+--------+---------+----------+
3 rows in set (0.00 sec)

mysql> SELECT * FROM user;
+----+------------+-------------------+--------+---------+----------+
| id | city       | email             | gender | name    | password |
+----+------------+-------------------+--------+---------+----------+
|  1 | Agra       | Utkarsh@Gmail.com | Male   | Utkarsh | 1234     |
|  2 | Chandigarh | Amit@Gmail.com    | Male   | Amit    | amit1234 |
|  3 | pune       | NULL              | NULL   | NULL    | NULL     |
+----+------------+-------------------+--------+---------+----------+
3 rows in set (0.00 sec)

mysql> SELECT * FROM user;
+----+------------+-------------------+--------+---------+----------+
| id | city       | email             | gender | name    | password |
+----+------------+-------------------+--------+---------+----------+
|  1 | Agra       | Utkarsh@Gmail.com | Male   | Utkarsh | 1234     |
|  2 | Chandigarh | Amit@Gmail.com    | Male   | Amit    | amit1234 |
|  3 | banglore   | priya@Gmail.com   | female | Priya   | pr1234   |
+----+------------+-------------------+--------+---------+----------+
3 rows in set (0.00 sec)

mysql> SELECT * FROM user;
+----+------------+-------------------+--------+---------+----------+
| id | city       | email             | gender | name    | password |
+----+------------+-------------------+--------+---------+----------+
|  1 | Agra       | Utkarsh@Gmail.com | Male   | Utkarsh | 1234     |
|  2 | Chandigarh | Amit@Gmail.com    | Male   | Amit    | amit1234 |
+----+------------+-------------------+--------+---------+----------+
2 rows in set (0.00 sec)

mysql>
